Gruppe;Anzahl;Minuten;Stunden;MB;GB
"1900-1949";77;8005;133,4;530607;518,17
"1950-1959";138;15084;251,4;1064339;1039,39
"1960";18;2115;35,3;138610;135,36
"1961";19;2399;40;166104;162,21
"1962";20;2523;42,1;187649;183,25
"1963";20;2376;39,6;155791;152,14
"1964";19;2196;36,6;152149;148,58
"1965";22;2704;45,1;193855;189,31
"1966";24;2859;47,7;189155;184,72
"1967";21;2283;38,1;144290;140,91
"1968";22;2589;43,2;156058;152,4
"1969";19;2227;37,1;148647;145,16
"1970";21;2354;39,2;170168;166,18
"1971";25;2722;45,4;195163;190,59
"1972";23;2487;41,5;165431;161,55
"1973";27;3124;52,1;222462;217,25
"1974";30;3349;55,8;225968;220,67
"1975";24;2724;45,4;204647;199,85
"1976";28;3362;56;243018;237,32
"1977";30;3408;56,8;247001;241,21
"1978";28;3103;51,7;222714;217,49
"1979";26;2997;50;208343;203,46
"1980";30;3224;53,7;232622;227,17
"1981";30;3462;57,7;235391;229,87
"1982";28;3287;54,8;244323;238,6
"1983";32;3422;57;255127;249,15
"1984";43;4749;79,2;305352;298,2
"1985";40;4365;72,8;332656;324,86
"1986";47;5158;86;384858;375,84
"1987";47;4979;83;381868;372,92
"1988";63;6851;114,2;608361;594,1
"1989";51;5638;94;406787;397,25
"1990";49;5345;89,1;414415;404,7
"1991";50;5593;93,2;388906;379,79
"1992";54;6210;103,5;415775;406,03
"1993";65;7647;127,5;530073;517,65
"1994";64;6923;115,4;501304;489,55
"1995";82;9129;152,2;632923;618,09
"1996";75;8377;139,6;546844;534,03
"1997";80;9222;153,7;636719;621,8
"1998";83;9247;154,1;576279;562,77
"1999";78;8602;143,4;566361;553,09
"2-Dilogie(A-F)\1900 - Novecento";2;315;5,3;26828;26,2
"2-Dilogie(A-F)\2 Tage";2;196;3,3;14632;14,29
"2-Dilogie(A-F)\2001-2010";2;264;4,4;22322;21,8
"2-Dilogie(A-F)\3 Engel für Charlie";2;204;3,4;8252;8,06
"2-Dilogie(A-F)\48 Stunden";2;187;3,1;8150;7,96
"2-Dilogie(A-F)\Ace Ventura";2;176;2,9;13813;13,49
"2-Dilogie(A-F)\Addams Family";2;183;3,1;9697;9,47
"2-Dilogie(A-F)\Agent Hamilton";2;199;3,3;11795;11,52
"2-Dilogie(A-F)\Alice im Wunderland";4;440;7,3;29089;28,41
"2-Dilogie(A-F)\Alien Domicile";2;148;2,5;11325;11,06
"2-Dilogie(A-F)\American Werewolf";2;194;3,2;18636;18,2
"2-Dilogie(A-F)\Anatomie";2;200;3,3;18810;18,37
"2-Dilogie(A-F)\Annie";2;245;4,1;18605;18,17
"2-Dilogie(A-F)\Auf dem Highway";2;204;3,4;14151;13,82
"2-Dilogie(A-F)\Auf der Flucht - Jagd";2;261;4,4;13834;13,51
"2-Dilogie(A-F)\Auf der Jagd nach";2;212;3,5;15236;14,88
"2-Dilogie(A-F)\Auswanderer - Neue Land";2;393;6,6;9204;8,99
"2-Dilogie(A-F)\Backdraft";2;137;2,3;13208;12,9
"2-Dilogie(A-F)\Bad Moms";2;204;3,4;13957;13,63
"2-Dilogie(A-F)\Bad Neighbors";2;189;3,2;14284;13,95
"2-Dilogie(A-F)\Bad Santa";2;183;3,1;15113;14,76
"2-Dilogie(A-F)\Bahubali";2;304;5,1;18758;18,32
"2-Dilogie(A-F)\Bailey";2;208;3,5;11662;11,39
"2-Dilogie(A-F)\Best Exotic Marigold Hotel";2;246;4,1;18933;18,49
"2-Dilogie(A-F)\Bill & Teds verrückte Reise";2;179;3;13434;13,12
"2-Dilogie(A-F)\Blade Runner";3;443;7,4;34611;33,8
"2-Dilogie(A-F)\Blue Crush";2;216;3,6;16219;15,84
"2-Dilogie(A-F)\Blues Brothers";2;256;4,3;22015;21,5
"2-Dilogie(A-F)\Born to Race";2;191;3,2;7352;7,18
"2-Dilogie(A-F)\Bruce - Evan Allmächtig";2;197;3,3;12614;12,32
"2-Dilogie(A-F)\Burning";1;89;1,5;3205;3,13
"2-Dilogie(A-F)\Carlos - Der Schakal";2;668;11,1;30720;30
"2-Dilogie(A-F)\Che";2;269;4,5;18124;17,7
"2-Dilogie(A-F)\Chinatown";2;258;4,3;17315;16,91
"2-Dilogie(A-F)\City of God";2;236;3,9;17366;16,96
"2-Dilogie(A-F)\Clerks";2;188;3,1;12738;12,44
"2-Dilogie(A-F)\Cocoon";2;228;3,8;11949;11,67
"2-Dilogie(A-F)\Daddy's Home";2;195;3,3;13761;13,44
"2-Dilogie(A-F)\Dance Academy";2;187;3,1;12267;11,98
"2-Dilogie(A-F)\Deep Blue Sea";2;198;3,3;17202;16,8
"2-Dilogie(A-F)\Deine, meine, unsere";2;199;3,3;14601;14,26
"2-Dilogie(A-F)\Denk wie ein Mann";2;228;3,8;8079;7,89
"2-Dilogie(A-F)\Dirty Dancing";2;186;3,1;9093;8,88
"2-Dilogie(A-F)\Dogville";2;310;5,2;11714;11,44
"2-Dilogie(A-F)\Doktor Proktor";2;182;3;8467;8,27
"2-Dilogie(A-F)\Drei Männer und";2;205;3,4;9840;9,61
"2-Dilogie(A-F)\Dumm und Dümmer";2;221;3,7;14089;13,76
"2-Dilogie(A-F)\Easy Money";2;220;3,7;17387;16,98
"2-Dilogie(A-F)\Echoes";2;188;3,1;14468;14,13
"2-Dilogie(A-F)\Eddie and the Cruisers";2;190;3,2;13434;13,12
"2-Dilogie(A-F)\Eine - Keine";2;186;3,1;11612;11,34
"2-Dilogie(A-F)\Eiskalte Engel";2;177;3;9942;9,71
"2-Dilogie(A-F)\Elite Squad";2;230;3,8;18380;17,95
"2-Dilogie(A-F)\Elling";2;160;2,7;1545;1,51
"2-Dilogie(A-F)\Equalizer";2;253;4,2;28774;28,1
"2-Dilogie(A-F)\Eschnapur";2;203;3,4;20889;20,4
"2-Dilogie(A-F)\Flags of our Fathers-Letters from Iwo Jima";2;276;4,6;32972;32,2
"2-Dilogie(A-F)\Flatliners";2;223;3,7;18155;17,73
"2-Dilogie(A-F)\Fletch";2;193;3,2;15646;15,28
"2-Dilogie(A-F)\Flintstones";2;180;3;14796;14,45
"2-Dilogie(A-F)\Frau in Schwarz";2;193;3,2;9635;9,41
"2-Dilogie(A-F)\Freche Mädchen";2;188;3,1;10024;9,79
"2-Dilogie(A-F)\Fright Night";2;209;3,5;14909;14,56
"2-Dilogie(A-F)\Für 4";1;107;1,8;4638;4,53
"2-Dilogie(G-M)";2;160;2,7;11129;10,87
"2-Dilogie(G-M)\G.I. Joe";3;351;5,9;26131;25,52
"2-Dilogie(G-M)\Girls von St. Trinian";2;206;3,4;12502;12,21
"2-Dilogie(G-M)\Grease";2;224;3,7;20090;19,62
"2-Dilogie(G-M)\Gremlins";2;212;3,5;18882;18,44
"2-Dilogie(G-M)\Grzimek";2;334;5,6;11703;11,43
"2-Dilogie(G-M)\Gänsehaut";3;295;4,9;20642;20,16
"2-Dilogie(G-M)\Happy Deathday";2;195;3,3;15114;14,76
"2-Dilogie(G-M)\Hebamme";2;229;3,8;10762;10,51
"2-Dilogie(G-M)\Hexe Lili";1;99;1,7;4812;4,7
"2-Dilogie(G-M)\Hexe Lilli";1;88;1,5;9267;9,05
"2-Dilogie(G-M)\Hollow Man";2;210;3,5;16741;16,35
"2-Dilogie(G-M)\Hostage";2;204;3,4;15646;15,28
"2-Dilogie(G-M)\Hot Shots";2;170;2,8;16465;16,08
"2-Dilogie(G-M)\Hot Tub";2;193;3,2;16353;15,97
"2-Dilogie(G-M)\Hundertjährige";2;222;3,7;15626;15,26
"2-Dilogie(G-M)\Hüterin der Wahrheit";2;199;3,3;13393;13,08
"2-Dilogie(G-M)\Ich weiß, was du letzten Sommer getan hast";2;201;3,4;15236;14,88
"2-Dilogie(G-M)\Ihm schmeckt's nicht";2;187;3,1;11366;11,1
"2-Dilogie(G-M)\In 3 tagen bist du tot";2;206;3,4;11928;11,65
"2-Dilogie(G-M)\In China essen sie Hunde";2;189;3,2;15011;14,66
"2-Dilogie(G-M)\Independence Day";3;383;6,4;22260;21,74
"2-Dilogie(G-M)\Insel der Abenteuer";2;186;3,1;10894;10,64
"2-Dilogie(G-M)\Iron Sky";2;184;3,1;15380;15,02
"2-Dilogie(G-M)\Ironclad";2;228;3,8;11642;11,37
"2-Dilogie(G-M)\Jack Reacher";2;248;4,1;20294;19,82
"2-Dilogie(G-M)\Job seines Lebens";2;176;2,9;6860;6,7
"2-Dilogie(G-M)\Jumanji";3;342;5,7;25322;24,73
"2-Dilogie(G-M)\Jump Street";2;221;3,7;15964;15,59
"2-Dilogie(G-M)\Kaufhaus Cop";2;185;3,1;12001;11,72
"2-Dilogie(G-M)\Keine halben Sachen";2;196;3,3;11253;10,99
"2-Dilogie(G-M)\Keinohrhasen-Zweiohrküken";2;240;4;19260;18,81
"2-Dilogie(G-M)\Kill the Boss";2;206;3,4;12318;12,03
"2-Dilogie(G-M)\Kindergarten Cop";2;211;3,5;16414;16,03
"2-Dilogie(G-M)\Kindsköpfe";2;203;3,4;16127;15,75
"2-Dilogie(G-M)\Kingsman";2;270;4,5;16127;15,75
"2-Dilogie(G-M)\Kirche bleibt im Dorf";2;188;3,1;11550;11,28
"2-Dilogie(G-M)\Klapperschlange";2;199;3,3;22598;22,07
"2-Dilogie(G-M)\Kleine Nick";2;188;3,1;10925;10,67
"2-Dilogie(G-M)\Kokowääh";2;245;4,1;18308;17,88
"2-Dilogie(G-M)\Kusswechsel";2;213;3,6;13403;13,09
"2-Dilogie(G-M)\Käfig voller Narren";2;191;3,2;18769;18,33
"2-Dilogie(G-M)\La Boum";2;209;3,5;22835;22,3
"2-Dilogie(G-M)\La Linea";2;184;3,1;16301;15,92
"2-Dilogie(G-M)\Lammbock";2;192;3,2;8222;8,03
"2-Dilogie(G-M)\Largo Winch";4;453;7,6;35951;35,11
"2-Dilogie(G-M)\Lazer Team";2;183;3,1;11693;11,42
"2-Dilogie(G-M)\Magic Mike";2;225;3,8;12788;12,49
"2-Dilogie(G-M)\Magic Silver";2;170;2,8;11365;11,1
"2-Dilogie(G-M)\Mama gegen Papa";2;171;2,9;7372;7,2
"2-Dilogie(G-M)\Mamma Mia";2;221;3,7;17479;17,07
"2-Dilogie(G-M)\Mann aus San Fernando";2;229;3,8;12952;12,65
"2-Dilogie(G-M)\Mann tut - muss Mann durch";2;198;3,3;20448;19,97
"2-Dilogie(G-M)\Mary Poppins";2;269;4,5;17550;17,14
"2-Dilogie(G-M)\Max";2;195;3,3;12788;12,49
"2-Dilogie(G-M)\Mein Freund, der Delfin";2;219;3,7;16383;16
"2-Dilogie(G-M)\Miss Undercover";2;225;3,8;14868;14,52
"2-Dilogie(G-M)\Monsieur Claude";1;98;1,6;6983;6,82
"2-Dilogie(G-M)\Mr. Bean";2;179;3;15994;15,62
"2-Dilogie(G-M)\Mrs. Miracle";2;171;2,9;8857;8,65
"2-Dilogie(G-M)\My Girl";2;193;3,2;11243;10,98
"2-Dilogie(G-M)\Mädchen Mädchen";2;169;2,8;7249;7,08
"2-Dilogie(N-Z)\Natürlich blond";2;191;3,2;12287;12
"2-Dilogie(N-Z)\Navarone";2;276;4,6;18309;17,88
"2-Dilogie(N-Z)\New Kids";2;158;2,6;8774;8,57
"2-Dilogie(N-Z)\Nummer 5";2;208;3,5;15604;15,24
"2-Dilogie(N-Z)\Nymphomaniac";2;240;4;8765;8,56
"2-Dilogie(N-Z)\OSS 117";2;200;3,3;12287;12
"2-Dilogie(N-Z)\Omen";2;217;3,6;17551;17,14
"2-Dilogie(N-Z)\Ouija";2;187;3,1;10710;10,46
"2-Dilogie(N-Z)\Pacific Rim";4;482;8;40221;39,28
"2-Dilogie(N-Z)\Pakt des Bösen";2;295;4,9;24985;24,4
"2-Dilogie(N-Z)\Pater Brown";2;180;3;14437;14,1
"2-Dilogie(N-Z)\Percy Jackson";2;224;3,7;12400;12,11
"2-Dilogie(N-Z)\Plötzlich Prinzessin";2;228;3,8;12174;11,89
"2-Dilogie(N-Z)\Profi";2;200;3,3;17776;17,36
"2-Dilogie(N-Z)\Purpurnen Flüsse";2;203;3,4;14376;14,04
"2-Dilogie(N-Z)\R.E.D";2;227;3,8;13117;12,81
"2-Dilogie(N-Z)\Reine Nervensache";2;199;3,3;8948;8,74
"2-Dilogie(N-Z)\Ride Along";2;200;3,3;9758;9,53
"2-Dilogie(N-Z)\Road Trip";2;189;3,2;12594;12,3
"2-Dilogie(N-Z)\Ruhm meines Vaters - Schloss meiner Mutter";2;208;3,5;9236;9,02
"2-Dilogie(N-Z)\Save the Last Dance";2;195;3,3;1883;1,84
"2-Dilogie(N-Z)\Sch'tis";2;212;3,5;10720;10,47
"2-Dilogie(N-Z)\Schnappt Shorty - Be Cool";2;223;3,7;10700;10,45
"2-Dilogie(N-Z)\Schwarze Hengst";2;219;3,7;16772;16,38
"2-Dilogie(N-Z)\Schweinchen Babe";2;186;3,1;10628;10,38
"2-Dilogie(N-Z)\Seltsames verrücktes Paar";2;208;3,5;14571;14,23
"2-Dilogie(N-Z)\Sex on the Beach";2;193;3,2;12594;12,3
"2-Dilogie(N-Z)\Shanghai Noon";2;224;3,7;21196;20,7
"2-Dilogie(N-Z)\Sherlock Holmes";2;257;4,3;15328;14,97
"2-Dilogie(N-Z)\Sicario";2;243;4,1;19137;18,69
"2-Dilogie(N-Z)\Sinister";2;206;3,4;12287;12
"2-Dilogie(N-Z)\Sister Act";2;207;3,5;14837;14,49
"2-Dilogie(N-Z)\Smokin' Aces";2;196;3,3;18093;17,67
"2-Dilogie(N-Z)\Speed";2;240;4;18052;17,63
"2-Dilogie(N-Z)\Spur - Nacht der Jäger";2;238;4;9266;9,05
"2-Dilogie(N-Z)\Stakeout";2;221;3,7;14734;14,39
"2-Dilogie(N-Z)\Steiner - Das Eiserne Kreuz";2;242;4;20325;19,85
"2-Dilogie(N-Z)\Streets of London";2;190;3,2;15185;14,83
"2-Dilogie(N-Z)\Super Troopers";2;199;3,3;15646;15,28
"2-Dilogie(N-Z)\Tanu und Manu";2;217;3,6;4566;4,46
"2-Dilogie(N-Z)\Ted";2;221;3,7;16127;15,75
"2-Dilogie(N-Z)\Titanen";2;205;3,4;16476;16,09
"2-Dilogie(N-Z)\Trainspotting";2;210;3,5;12860;12,56
"2-Dilogie(N-Z)\Tron";3;345;5,8;23243;22,7
"2-Dilogie(N-Z)\Unbroken";2;235;3,9;13148;12,84
"2-Dilogie(N-Z)\Unfassbaren";2;254;4,2;19404;18,95
"2-Dilogie(N-Z)\Unknown User";2;174;2,9;11027;10,77
"2-Dilogie(N-Z)\V8";2;198;3,3;11908;11,63
"2-Dilogie(N-Z)\Vermächtnis";2;255;4,3;8211;8,02
"2-Dilogie(N-Z)\Wall Street";2;259;4,3;20827;20,34
"2-Dilogie(N-Z)\Was Frauen wollen";2;237;4;17274;16,87
"2-Dilogie(N-Z)\Wasser der Hügel";2;234;3,9;20152;19,68
"2-Dilogie(N-Z)\Wayne's World";2;188;3,1;16792;16,4
"2-Dilogie(N-Z)\Westworld-Futureworld";2;196;3,3;14847;14,5
"2-Dilogie(N-Z)\Wie im Himmel - Wie auf Erden";2;267;4,5;14867;14,52
"2-Dilogie(N-Z)\Wixxer";2;182;3;11079;10,82
"2-Dilogie(N-Z)\Wächter der Nacht, des Tages";2;259;4,3;21483;20,98
"2-Dilogie(N-Z)\Zauberhafte Nanny";2;207;3,5;16332;15,95
"2-Dilogie(N-Z)\Zombieland";2;187;3,1;12686;12,39
"2-Dilogie(N-Z)\Zoolander";2;190;3,2;9185;8,97
"2-Dilogie(N-Z)\Zulu";2;250;4,2;13608;13,29
"2-Dilogie(N-Z)\Zwexies";2;161;2,7;10157;9,92
"2-Dilogie(N-Z)\Zwölf Runden";2;203;3,4;16823;16,43
"2000";79;8887;148,1;594671;580,73
"2001";99;11202;186,7;735713;718,47
"2002";90;9916;165,3;597387;583,39
"2003(A-F)";23;2468;41,1;156966;153,29
"2003(G-M)";30;3312;55,2;232539;227,09
"2003(N-Z)";43;4532;75,5;267434;261,17
"2004(A-F)";36;3839;64;250476;244,61
"2004(G-M)";38;4143;69,1;289397;282,61
"2004(N-Z)";51;5383;89,7;353377;345,09
"2005(A-F)";46;4990;83,2;316347;308,93
"2005(G-M)";43;4891;81,5;340697;332,71
"2005(N-Z)";47;5007;83,5;331593;323,82
"2006(A-F)";53;5664;94,4;402906;393,46
"2006(G-M)";45;4903;81,7;327206;319,54
"2006(N-Z)";59;6223;103,7;547912;535,07
"2007(A-F)";62;6532;108,9;432713;422,57
"2007(G-M)";61;6318;105,3;443783;433,38
"2007(N-Z)";53;5479;91,3;422348;412,45
"2008(A-F)";63;6572;109,5;473361;462,27
"2008(G-M)";70;7343;122,4;553327;540,36
"2008(N-Z)";88;9965;166,1;714565;697,82
"2009(A-F)";88;9219;153,7;642164;627,11
"2009(G-M)";79;8189;136,5;570718;557,34
"2009(N-Z)";96;9934;165,6;688696;672,55
"2010(A-F)";92;9709;161,8;648238;633,04
"2010(G-M)";82;8659;144,3;559136;546,03
"2010(N-Z)";112;11189;186,5;779797;761,52
"2011(A-F)";83;8550;142,5;556347;543,31
"2011(G-M)";97;10005;166,8;692141;675,92
"2011(N-Z)";129;13134;218,9;874554;854,06
"2012(A-F)";99;10232;170,5;676826;660,96
"2012(G-M)";109;11473;191,2;699231;682,84
"2012(N-Z)";135;13779;229,7;842911;823,16
"2013(A-F)";124;12806;213,4;784670;766,28
"2013(G-H)";40;4210;70,2;248431;242,61
"2013(I-M)";86;8963;149,4;524491;512,2
"2013(N-Z)";130;13411;223,5;814890;795,79
"2014(A-F)";116;11683;194,7;696030;679,72
"2014(G-M)";133;13629;227,2;784211;765,83
"2014(N-Z)";160;16499;275;984332;961,26
"2015(A-F)";140;14219;237;858133;838,02
"2015(G-M)";126;12854;214,2;792248;773,68
"2015(N-Z)";158;16090;268,2;1009789;986,12
"2016(A-F)";144;14894;248,2;874435;853,94
"2016(G-M)";161;16572;276,2;878438;857,85
"2016(N-Z)";179;18141;302,4;982850;959,81
"2017(A-F)";149;15109;251,8;797621;778,93
"2017(G-M)";145;14835;247,3;855321;835,27
"2017(N-Z)";167;17110;285,2;949449;927,2
"2018(A-F)";148;15358;256;878825;858,23
"2018(G-M)";135;13881;231,4;758782;741
"2018(N-Z)";169;17887;298,1;981200;958,2
"2019(A-F)";57;5871;97,9;330656;322,91
"2019(G-M)";44;4721;78,7;232857;227,4
"2019(N-Z)";59;6150;102,5;327798;320,12
"3-Trilogie(A-F)\96 Hours - Taken";3;294;4,9;30043;29,34
"3-Trilogie(A-F)\Alex Cross";3;320;5,3;23950;23,39
"3-Trilogie(A-F)\Arthur";3;318;5,3;25384;24,79
"3-Trilogie(A-F)\Ausgekochtes Schlitzohr";3;272;4,5;23540;22,99
"3-Trilogie(A-F)\Austin Powers";3;283;4,7;22404;21,88
"3-Trilogie(A-F)\Barbershop";3;319;5,3;21328;20,83
"3-Trilogie(A-F)\Before Sunrise-Sunset-Midnight";3;285;4,8;23070;22,53
"3-Trilogie(A-F)\Belle & Sebastian";3;287;4,8;11437;11,17
"3-Trilogie(A-F)\Bestimmung";4;498;8,3;30830;30,11
"3-Trilogie(A-F)\Beverly Hills Cop";3;309;5,2;26120;25,51
"3-Trilogie(A-F)\Braut, Schwiegereltern, Kinder";3;321;5,4;24002;23,44
"3-Trilogie(A-F)\Bridget Jones";3;327;5,5;21543;21,04
"3-Trilogie(A-F)\Butterfly Effect";3;295;4,9;19659;19,2
"3-Trilogie(A-F)\Center Stage";3;294;4,9;13379;13,07
"3-Trilogie(A-F)\Chroniken der Finsternis";3;309;5,2;16945;16,55
"3-Trilogie(A-F)\Chroniken von Narnia";4;519;8,7;60824;59,4
"3-Trilogie(A-F)\Cities of Love";3;343;5,7;18696;18,26
"3-Trilogie(A-F)\Cloverfield";3;289;4,8;21052;20,56
"3-Trilogie(A-F)\Conan";3;344;5,7;29674;28,98
"3-Trilogie(A-F)\Cube";3;281;4,7;18799;18,36
"3-Trilogie(A-F)\Drei Farben";3;288;4,8;26847;26,22
"3-Trilogie(A-F)\Eastrail 177 Universe";3;352;5,9;24277;23,71
"3-Trilogie(A-F)\Edelstein-Trilogie";3;349;5,8;19343;18,89
"3-Trilogie(A-F)\Escape Plan";3;308;5,1;20058;19,59
"3-Trilogie(A-F)\FX - Tödliche Tricks";3;297;5;15536;15,17
"3-Trilogie(A-F)\Fack Ju Göhte";3;351;5,9;22567;22,04
"3-Trilogie(A-F)\Fifty Shades of Grey";3;366;6,1;26090;25,48
"3-Trilogie(A-F)\Fighters";3;311;5,2;19588;19,13
"3-Trilogie(A-F)\Flodder";3;355;5,9;21820;21,31
"3-Trilogie(A-F)\French Connection";3;326;5,4;19095;18,65
"3-Trilogie(G-M)\Ghostbusters";4;462;7,7;32254;31,5
"3-Trilogie(G-M)\Ginger Snaps";3;296;4,9;26644;26,02
"3-Trilogie(G-M)\Gott ist nicht tot";3;338;5,6;19485;19,03
"3-Trilogie(G-M)\Große Blonde";1;85;1,4;4843;4,73
"3-Trilogie(G-M)\Harold & Kumar";3;284;4,7;23162;22,62
"3-Trilogie(G-M)\Harry Palmer";3;307;5,1;12973;12,67
"3-Trilogie(G-M)\Has Fallen";3;339;5,7;21103;20,61
"3-Trilogie(G-M)\Honey";3;299;5;18553;18,12
"3-Trilogie(G-M)\Jack Hunter";1;94;1,6;128000;125
"3-Trilogie(G-M)\Jarhead";3;315;5,3;20918;20,43
"3-Trilogie(G-M)\Jarle Klepp";3;280;4,7;8902;8,69
"3-Trilogie(G-M)\Johnny English";3;276;4,6;25537;24,94
"3-Trilogie(G-M)\Kevin Allein";3;325;5,4;21912;21,4
"3-Trilogie(G-M)\Kuck mal wer da spricht";3;270;4,5;27769;27,12
"3-Trilogie(G-M)\L'Auberge Espagnole";3;368;6,1;27011;26,38
"3-Trilogie(G-M)\Lara Croft Tomb Raider";4;452;7,5;37169;36,3
"3-Trilogie(G-M)\Liebe und Eis";3;282;4,7;14703;14,36
"3-Trilogie(G-M)\Loft";3;337;5,6;23632;23,08
"3-Trilogie(G-M)\Maze Runner";3;387;6,5;25158;24,57
"3-Trilogie(G-M)\Mein Partner mit der kalten Schnauze";4;368;6,1;20078;19,61
"3-Trilogie(G-M)\My Big Fat Greek";3;283;4,7;23028;22,49
"3-Trilogie(N-Z)\Nachts im Museum";3;311;5,2;19722;19,26
"3-Trilogie(N-Z)\Nackte Kanone";3;253;4,2;22210;21,69
"3-Trilogie(N-Z)\Nibelungen";5;545;9,1;33476;32,69
"3-Trilogie(N-Z)\Open Water";3;254;4,2;25353;24,76
"3-Trilogie(N-Z)\Paradies";3;326;5,4;24400;23,83
"3-Trilogie(N-Z)\Pate";3;539;9;46080;45
"3-Trilogie(N-Z)\Pitch Perfect";3;320;5,3;24390;23,82
"3-Trilogie(N-Z)\Porky's";3;279;4,7;19240;18,79
"3-Trilogie(N-Z)\Pusher";3;308;5,1;25229;24,64
"3-Trilogie(N-Z)\Quatermain";3;282;4,7;20837;20,35
"3-Trilogie(N-Z)\Red Riding - Yorkshire Killer";3;305;5,1;18144;17,72
"3-Trilogie(N-Z)\Riddick";3;347;5,8;25251;24,66
"3-Trilogie(N-Z)\Robert Langdon";3;416;6,9;24114;23,55
"3-Trilogie(N-Z)\Rush Hour";3;279;4,7;14816;14,47
"3-Trilogie(N-Z)\S.W.A.T";3;294;4,9;24124;23,56
"3-Trilogie(N-Z)\Saints and Soldiers";3;282;4,7;18051;17,63
"3-Trilogie(N-Z)\Santa Clause";3;284;4,7;22721;22,19
"3-Trilogie(N-Z)\Satansbraten";3;244;4,1;19966;19,5
"3-Trilogie(N-Z)\Sex, Drugs & Rock'n'Roll";3;282;4,7;13812;13,49
"3-Trilogie(N-Z)\Shaft";2;199;3,3;11509;11,24
"3-Trilogie(N-Z)\Sissi";3;318;5,3;37580;36,7
"3-Trilogie(N-Z)\Stargate";3;320;5,3;25271;24,68
"3-Trilogie(N-Z)\Stuart Little";3;233;3,9;15340;14,98
"3-Trilogie(N-Z)\Three Flavours Cornetto";3;329;5,5;24840;24,26
"3-Trilogie(N-Z)\Tribute von Panem";5;685;11,4;36053;35,21
"3-Trilogie(N-Z)\Ultimativ - Gift of a Legacy";3;321;5,4;23940;23,38
"3-Trilogie(N-Z)\Unendliche Geschichte";3;279;4,7;21237;20,74
"3-Trilogie(N-Z)\Unglaubliche Reise in einem verrückten";3;247;4,1;13719;13,4
"3-Trilogie(N-Z)\Unna-Trilogie";3;343;5,7;24922;24,34
"3-Trilogie(N-Z)\Vater der Braut";2;193;3,2;8263;8,07
"3-Trilogie(N-Z)\Verschwörung";3;287;4,8;55602;54,3
"3-Trilogie(N-Z)\Zurück in die Zukunft";3;342;5,7;13422;13,11
"3-Trilogie(N-Z)\xXx";4;437;7,3;42526;41,53
"4-Tetralogie(A-K)\American Pie";4;420;7;32848;32,08
"4-Tetralogie(A-K)\Besucher - Zeitritter";4;417;7;27318;26,68
"4-Tetralogie(A-K)\Brenner";4;463;7,7;26357;25,74
"4-Tetralogie(A-K)\Crocodile Dundee";4;398;6,6;23018;22,48
"4-Tetralogie(A-K)\Dreckige Dutzend";4;429;7,2;28653;27,98
"4-Tetralogie(A-K)\Free Willy";3;281;4,7;17785;17,37
"4-Tetralogie(A-K)\Free Willy\Free Willy";1;93;1,6;6072;5,93
"4-Tetralogie(A-K)\Geschrumpft";4;339;5,7;18667;18,23
"4-Tetralogie(A-K)\Gregs Tagebuch";4;375;6,3;33339;32,56
"4-Tetralogie(A-K)\Hanni & Nanni";4;359;6;24667;24,09
"4-Tetralogie(A-K)\Im Dutzend";4;358;6;14695;14,35
"4-Tetralogie(A-K)\Indiana Jones";4;482;8;81612;79,7
"4-Tetralogie(A-K)\Insidious";4;407;6,8;24308;23,74
"4-Tetralogie(A-K)\Jussi Adler-Olsen";4;445;7,4;27410;26,77
"4-Tetralogie(A-K)\Kommissar Maigret";4;394;6,6;22649;22,12
"4-Tetralogie(M-Z)\Mad Max";5;529;8,8;55180;53,89
"4-Tetralogie(M-Z)\Matrix";4;503;8,4;43569;42,55
"4-Tetralogie(M-Z)\Men in Black";5;513;8,6;44460;43,42
"4-Tetralogie(M-Z)\Miss Marple";4;335;5,6;24984;24,4
"4-Tetralogie(M-Z)\Mythica";4;412;6,9;33555;32,77
"4-Tetralogie(M-Z)\Ostwind";4;428;7,1;27595;26,95
"4-Tetralogie(M-Z)\Purge";4;393;6,6;29868;29,17
"4-Tetralogie(M-Z)\RoboCop";4;440;7,3;39259;38,34
"4-Tetralogie(M-Z)\Species";4;401;6,7;34487;33,68
"4-Tetralogie(M-Z)\Stieg Larsson Millennium";7;807;13,5;139333;136,07
"4-Tetralogie(M-Z)\StreetDance";4;384;6,4;26109;25,5
"4-Tetralogie(M-Z)\Transporter";4;379;6,3;38071;37,18
"4-Tetralogie(M-Z)\Twilight";5;614;10,2;31526;30,79
"4-Tetralogie(M-Z)\Vorstadtkrokodile";4;365;6,1;23857;23,3
"4-Tetralogie(M-Z)\Zorro";4;477;8;35788;34,95
"5-Pentalogie(A-Z)\Bourne";5;600;10;49274;48,12
"5-Pentalogie(A-Z)\Dirty Harry";5;530;8,8;18880;18,44
"5-Pentalogie(A-Z)\Don Camillo und Peppone";5;545;9,1;41520;40,55
"5-Pentalogie(A-Z)\Dudu - Ein Käfer";5;442;7,4;26581;25,96
"5-Pentalogie(A-Z)\Fluch der Karibik";7;993;16,6;140336;137,05
"5-Pentalogie(A-Z)\Griswold";5;483;8,1;51772;50,56
"5-Pentalogie(A-Z)\Hannibal Lecter";5;614;10,2;48402;47,27
"5-Pentalogie(A-Z)\Jack Ryan";5;622;10,4;41930;40,95
"5-Pentalogie(A-Z)\Jurassic Park";8;979;16,3;102653;100,25
"5-Pentalogie(A-Z)\Karate Kid";5;598;10;44582;43,54
"5-Pentalogie(A-Z)\Mumie";6;679;11,3;55427;54,13
"5-Pentalogie(A-Z)\Musketiere";5;536;8,9;43333;42,32
"5-Pentalogie(A-Z)\Oceans 11-12-13";5;600;10;45721;44,65
"5-Pentalogie(A-Z)\Scary Movie";5;432;7,2;33461;32,68
"5-Pentalogie(A-Z)\Step Up";6;632;10,5;42626;41,63
"5-Pentalogie(A-Z)\Stirb Langsam";5;612;10,2;59595;58,2
"5-Pentalogie(A-Z)\Tatort Tschiller";5;511;8,5;39186;38,27
"5-Pentalogie(A-Z)\Terminator";6;720;12;43292;42,28
"5-Pentalogie(A-Z)\Underworld";6;589;9,8;31106;30,38
"6-Hexalogie(A-Z)\Angelique";6;618;10,3;41756;40,78
"6-Hexalogie(A-Z)\Conjuring - Annabelle - Nun";6;654;10,9;42052;41,07
"6-Hexalogie(A-Z)\Dr. Mabuse";6;549;9,2;40242;39,3
"6-Hexalogie(A-Z)\Franz Eberhofer";6;563;9,4;27789;27,14
"6-Hexalogie(A-Z)\Hangover";6;549;9,2;37024;36,16
"6-Hexalogie(A-Z)\Herbie";6;560;9,3;11005;10,75
"6-Hexalogie(A-Z)\Herr der Ringe - Hobbit";9;1556;25,9;259477;253,4
"6-Hexalogie(A-Z)\Immenhof";6;548;9,1;32849;32,08
"6-Hexalogie(A-Z)\Mission Impossible";7;917;15,3;81220;79,32
"6-Hexalogie(A-Z)\Musketiere";1;132;2,2;8437;8,24
"6-Hexalogie(A-Z)\Otto";6;514;8,6;23865;23,31
"6-Hexalogie(A-Z)\Sharknado";6;523;8,7;40988;40,03
"6-Hexalogie(A-Z)\Taxi";6;551;9,2;38510;37,61
"6-Hexalogie(A-Z)\Transformers";9;1298;21,6;115021;112,33
"6-Hexalogie(A-Z)\Tremors";6;593;9,9;49232;48,08
"7+mehr(A-Z)\007 James Bond";25;3178;53;404675;395,19
"7+mehr(A-Z)\Alien+Predator";14;1575;26,3;117733;114,97
"7+mehr(A-Z)\Carry On";30;2571;42,9;20586;20,1
"7+mehr(A-Z)\Eis am Stiel";8;637;10,6;43761;42,74
"7+mehr(A-Z)\Fast and Furious";10;1229;20,5;83359;81,41
"7+mehr(A-Z)\Godzilla";10;1102;18,4;68696;67,09
"7+mehr(A-Z)\Harry Potter";14;1985;33,1;160803;157,03
"7+mehr(A-Z)\Olsenbande";14;1346;22,4;97889;95,59
"7+mehr(A-Z)\Planet der Affen";11;1240;20,7;110673;108,08
"7+mehr(A-Z)\Police Academy";7;607;10,1;22902;22,37
"7+mehr(A-Z)\Resident Evil";12;1179;19,7;80696;78,8
"7+mehr(A-Z)\Rocky";8;897;15;74881;73,13
"7+mehr(A-Z)\Rosarote Panther";10;991;16,5;52960;51,72
"7+mehr(A-Z)\Star Trek";16;1843;30,7;160801;157,03
"7+mehr(A-Z)\Star Wars";15;2034;33,9;312036;304,72
"Comic-Filme";41;4971;82,9;372443;363,71
"Comic-Filme\300";3;321;5,4;29285;28,6
"Comic-Filme\Ant-Man";4;470;7,8;33739;32,95
"Comic-Filme\Batman";10;1438;24;114203;111,53
"Comic-Filme\Captain America";7;889;14,8;60178;58,77
"Comic-Filme\Deadpool";3;358;6;25609;25,01
"Comic-Filme\Fantastic Four";3;298;5;24902;24,32
"Comic-Filme\Ghost Rider";3;305;5,1;17826;17,41
"Comic-Filme\Guardians of the Galaxy";5;647;10,8;46190;45,11
"Comic-Filme\Hellboy";3;363;6,1;29582;28,89
"Comic-Filme\Hulk";2;250;4,2;32051;31,3
"Comic-Filme\Iron Man";4;510;8,5;39268;38,35
"Comic-Filme\Kick-Ass";2;220;3,7;13392;13,08
"Comic-Filme\Spider-Man";11;1448;24,1;123469;120,58
"Comic-Filme\Superman";7;912;15,2;60127;58,72
"Comic-Filme\The Avengers";11;1670;27,8;132245;129,15
"Comic-Filme\Thor";7;842;14;61938;60,49
"Comic-Filme\X-Men";14;1765;29,4;143426;140,06
"Comic-Serien";31;1492;24,9;1613467;1575,65
"Comic-Trick";12;883;14,7;36447;35,59
"Comic-Trick\Batman";16;1211;20,2;51583;50,37
"Comic-Trick\Clever & Smart";2;160;2,7;5173;5,05
"Comic-Trick\Iron Man";2;167;2,8;4065;3,97
"Comic-Trick\Superman";6;552;9,2;18986;18,54
"Comic-Trick\Ultimate Avengers";2;145;2,4;12748;12,45
"Comic-Trick\Watchmen Motion Comic";1;26;0,4;1075;1,05
"Dokumentationen\Biografie";18;1542;25,7;99244;96,92
"Dokumentationen\Cirque Du Soleil";1;91;1,5;8325;8,13
"Dokumentationen\Cirque du Soleil";14;1266;21,1;31953;31,2
"Dokumentationen\Comedy";27;1777;29,6;428429;418,39
"Dokumentationen\Dokus(A-Z)";31;2518;42;128818;125,8
"Dokumentationen\Geschichte+Politik";12;717;12;26682;26,06
"Dokumentationen\Golden Globe";16;1485;24,8;80028;78,15
"Dokumentationen\Internet+Science";22;1412;23,5;60021;58,61
"Dokumentationen\Kirche";16;1109;18,5;306889;299,7
"Dokumentationen\Natur";32;2325;38,8;139180;135,92
"Dokumentationen\Sport";31;2744;45,7;314584;307,21
"Dokumentationen\Tiere";34;2395;39,9;157276;153,59
"Dokumentationen\Von Oben";11;524;8,7;34156;33,36
"Dokumentationen\Weltraum";19;1208;20,1;65210;63,68
"Dokumentationen\Weltraumn";1;96;1,6;5918;5,78
"FSK18-1900-1999";105;10759;179,3;818132;798,96
"FSK18-2000-2009";103;10379;173;695711;679,41
"FSK18-2010";32;3106;51,8;200194;195,5
"FSK18-2011";27;2608;43,5;156866;153,19
"FSK18-2012";23;2066;34,4;115746;113,03
"FSK18-2013";23;2237;37,3;135301;132,13
"FSK18-2014";24;2346;39,1;135679;132,5
"FSK18-2015";20;1756;29,3;117209;114,46
"FSK18-2016";22;2128;35,5;114985;112,29
"FSK18-2017";21;2006;33,4;119880;117,07
"FSK18-2018";20;2066;34,4;134751;131,59
"FSK18-2019";7;725;12,1;39933;39
"FSK18-Collections\28 Tage Wochen später";2;213;3,6;23090;22,55
"FSK18-Collections\30 Days of Night";3;229;3,8;18522;18,09
"FSK18-Collections\ABCs of Death";2;251;4,2;14632;14,29
"FSK18-Collections\Alarmstufe Rot";2;198;3,3;14857;14,51
"FSK18-Collections\Bad Boys";2;265;4,4;19650;19,19
"FSK18-Collections\Blade";3;350;5,8;25045;24,46
"FSK18-Collections\Blutige Pfad Gottes";2;226;3,8;16045;15,67
"FSK18-Collections\Chechenia Warrior";3;235;3,9;2791;2,73
"FSK18-Collections\Cold Prey";3;279;4,7;15635;15,27
"FSK18-Collections\Crank";2;184;3,1;18452;18,02
"FSK18-Collections\Dario Argento";7;765;12,8;54412;53,14
"FSK18-Collections\Darkman";3;275;4,6;13731;13,41
"FSK18-Collections\Dead Snow";2;191;3,2;12820;12,52
"FSK18-Collections\Death Race";4;416;6,9;36976;36,11
"FSK18-Collections\Death Wish";6;567;9,5;51944;50,73
"FSK18-Collections\Descent";2;192;3,2;15697;15,33
"FSK18-Collections\Expendables";3;332;5,5;26572;25,95
"FSK18-Collections\Final Destination";7;627;10,5;41878;40,9
"FSK18-Collections\Footsoldier";4;420;7;28148;27,49
"FSK18-Collections\Freitag, der 13";12;1094;18,2;98956;96,64
"FSK18-Collections\From Dusk Till Dawn";3;290;4,8;34077;33,28
"FSK18-Collections\Ghettogangz";2;185;3,1;32562;31,8
"FSK18-Collections\Große Sexwettbewerb";2;176;2,9;9798;9,57
"FSK18-Collections\Halloween";11;1062;17,7;90127;88,01
"FSK18-Collections\Hatchet";4;328;5,5;23847;23,29
"FSK18-Collections\Hills Have Eyes";3;285;4,8;37037;36,17
"FSK18-Collections\Hooligans";3;291;4,9;20591;20,11
"FSK18-Collections\Hostel";3;274;4,6;35624;34,79
"FSK18-Collections\I Spit On Your Grave";6;638;10,6;30165;29,46
"FSK18-Collections\Jackass";5;416;6,9;21782;21,27
"FSK18-Collections\John Wick";3;354;5,9;22763;22,23
"FSK18-Collections\Kill Bill";4;598;10;56697;55,37
"FSK18-Collections\Lethal Weapon";4;469;7,8;57139;55,8
"FSK18-Collections\Mariachi";3;286;4,8;26971;26,34
"FSK18-Collections\Marine, The";6;538;9;41316;40,35
"FSK18-Collections\Masters of Horror";27;1497;25;128654;125,64
"FSK18-Collections\Mechanic";2;192;3,2;12153;11,87
"FSK18-Collections\REC";4;338;5,6;26961;26,33
"FSK18-Collections\Rambo";4;383;6,4;45362;44,3
"FSK18-Collections\Rampage";3;270;4,5;27258;26,62
"FSK18-Collections\Saw";8;761;12,7;44375;43,33
"FSK18-Collections\Scream";4;455;7,6;36576;35,72
"FSK18-Collections\Sin City";3;328;5,5;21380;20,88
"FSK18-Collections\Starship Troopers";5;499;8,3;41502;40,53
"FSK18-Collections\Tanz der Teufel";3;265;4,4;26295;25,68
"FSK18-Collections\Texas Chainsaw";6;542;9;38336;37,44
"FSK18-Collections\Undisputed";4;378;6,3;27103;26,47
"FSK18-Collections\Universal Soldier";4;393;6,6;20878;20,39
"FSK18-Collections\Wolf Creek";2;205;3,4;14683;14,34
"FSK18-Collections\Wrong Turn";6;545;9,1;40835;39,88
"FSK18-Collections\Zombie";2;219;3,7;15584;15,22
"FSK18-Eastern";99;10470;174,5;650536;635,29
"FSK18-Eastern-Collections\A Better Tomorrow";5;532;8,9;74525;72,78
"FSK18-Eastern-Collections\Azumi";2;243;4,1;13044;12,74
"FSK18-Eastern-Collections\Bang Rajan";2;198;3,3;17683;17,27
"FSK18-Eastern-Collections\Battle Royale";3;368;6,1;30309;29,6
"FSK18-Eastern-Collections\Fliegende Guillotine";3;285;4,8;16751;16,36
"FSK18-Eastern-Collections\Okami";6;505;8,4;33596;32,81
"FSK18-Eastern-Collections\Ong Bak";5;512;8,5;40179;39,24
"FSK18-Eastern-Collections\The Raid";2;251;4,2;17254;16,85
"FSK18-Erotik";11;838;14;41738;40,76
"FSK18-Serien";14;681;11,4;655070;639,72
"FSK18-Western";22;2205;36,8;140402;137,11
"Gemischt-01+AnimeG:\Download";13;1035;17,3;77755;75,93
"Gemischt-01+AnimeG:\xxCOLLECTION";2;184;3,1;6030;5,89
"Gemischt-01+AnimeG:\xxCOLLECTION\Maleficent";2;215;3,6;15288;14,93
"Gemischt-01+AnimeG:\xxCOMIC";1;121;2;8048;7,86
"Gemischt-01+AnimeG:\xxDOKU";1;89;1,5;3061;2,99
"Gemischt-01+AnimeG:\xxKinder";10;710;11,8;26217;25,6
"Gemischt-01+AnimeG:\xxSERIEN\Dracula";1;89;1,5;1976;1,93
"Gemischt-01+AnimeG:\xxSERIEN\Into The Dark\S01";1;82;1,4;2048;2
"Gemischt-01+AnimeG:\xxSERIEN\Mandalorian";1;38;0,6;1320;1,29
"HD-Anime";40;3871;64,5;221216;216,03
"HD-Anime-Collections\Appleseed";5;468;7,8;26417;25,8
"HD-Anime-Collections\Battle Angel Alita";1;29;0,5;302;0,29
"HD-Anime-Collections\Berserk";3;266;4,4;12328;12,04
"HD-Anime-Collections\Bleach";2;179;3;7279;7,11
"HD-Anime-Collections\Chroniken von Altera";3;272;4,5;19475;19,02
"HD-Anime-Collections\Eden of the East";3;293;4,9;9900;9,67
"HD-Anime-Collections\Evangelion";3;306;5,1;10197;9,96
"HD-Anime-Collections\Garden of Sinners - Kara No Kyoukai";7;501;8,4;18356;17,93
"HD-Anime-Collections\Ghost in the Shell";12;1052;17,5;70980;69,32
"HD-Anime-Collections\Gintama";2;205;3,4;8918;8,71
"HD-Anime-Collections\Godzilla";3;278;4,6;12901;12,6
"HD-Anime-Collections\Hakuoki";2;183;3,1;4853;4,74
"HD-Anime-Collections\Holy Knight";1;54;0,9;1054;1,03
"HD-Anime-Collections\Kizumonogatari";2;131;2,2;5590;5,46
"HD-Anime-Collections\Mardock Scramble";3;202;3,4;17899;17,48
"HD-Anime-Collections\Naruto Movies";14;1052;17,5;43316;42,3
"HD-Anime-Collections\Patlabor";3;313;5,2;28783;28,11
"HD-Anime-Collections\Persona 3";4;388;6,5;21993;21,48
"HD-Anime-Collections\Project Itoh";3;353;5,9;17549;17,14
"HD-Anime-Serien";64;1920;32;1094659;1069
"HD-Eastern-Classic";1;104;1,7;6010;5,87
"HD-Eastern-Classic(A-M)";60;6813;113,6;462016;451,19
"HD-Eastern-Classic(N-Z)";58;6521;108,7;384270;375,26
"HD-Eastern-Collections\36 Kammern der Shaolin";5;498;8,3;36627;35,77
"HD-Eastern-Collections\Attack on Titan";2;185;3,1;9574;9,35
"HD-Eastern-Collections\Brotherhood of Blades";2;231;3,9;19393;18,94
"HD-Eastern-Collections\Bruce Lee";9;927;15,5;194956;190,39
"HD-Eastern-Collections\Chinese Ghost Story";4;404;6,7;34241;33,44
"HD-Eastern-Collections\Death Note";4;483;8,1;34620;33,81
"HD-Eastern-Collections\Detective Dee";3;385;6,4;27769;27,12
"HD-Eastern-Collections\Fighting Beat";5;486;8,1;38786;37,88
"HD-Eastern-Collections\Gantz";2;271;4,5;6112;5,97
"HD-Eastern-Collections\Infernal Affairs";3;336;5,6;23009;22,47
"HD-Eastern-Collections\Ip Man";8;792;13,2;76028;74,25
"HD-Eastern-Collections\Jackie Chan";55;5612;93,5;424340;414,39
"HD-Eastern-Collections\Karate Tiger";2;182;3;18042;17,62
"HD-Eastern-Collections\Mad Mission";4;407;6,8;41337;40,37
"HD-Eastern-Collections\Man with the Iron Fists";2;185;3,1;16066;15,69
"HD-Eastern-Collections\Monster Hunt";3;344;5,7;27227;26,59
"HD-Eastern-Collections\Once Upon a Time in China";3;356;5,9;23294;22,75
"HD-Eastern-Collections\Outrage";3;324;5,4;26798;26,17
"HD-Eastern-Collections\Ringu";6;603;10,1;34292;33,49
"HD-Eastern-Collections\Running Out of Time";2;187;3,1;15554;15,19
"HD-Eastern-Collections\Rurouni Kenshin";3;406;6,8;20111;19,64
"HD-Eastern-Collections\Tiger and Dragon";4;418;7;31364;30,63
"HD-Eastern-Modern(A-M)";101;11688;194,8;687876;671,75
"HD-Eastern-Modern(N-Z)";73;8215;136,9;466225;455,3
"HD-Serien";179;10082;168;2886026;2818,38
"HD-Trick";25;2154;35,9;106038;103,55
"HD-Trick-Collections";3;86;1,4;2831;2,76
"HD-Trick-Collections\Dead Space";2;151;2,5;7443;7,27
"HD-Trick-Collections\Disenchantment";1;36;0,6;1157;1,13
"HD-Trick-Collections\Final Fantasy";3;346;5,8;18092;17,67
"HD-Trick-Collections\Halo";5;337;5,6;12259;11,97
"HD-Trick\Archer\S01";1;20;0,3;128000;125
"HD-Western-1900-1959";95;8401;140;587172;573,41
"HD-Western-1900-1979";1;124;2,1;11878;11,6
"HD-Western-1960-1979";107;11345;189,1;776319;758,12
"HD-Western-1980-1999";26;3177;53;223712;218,47
"HD-Western-2000-2015";58;6545;109,1;426982;416,97
"HD-Western-Collections\DDR-Western";12;1189;19,8;71666;69,99
"HD-Western-Collections\Dead in Tombstone";2;198;3,3;16906;16,51
"HD-Western-Collections\Django";7;745;12,4;48534;47,4
"HD-Western-Collections\Dollar-Trilogie";3;410;6,8;33524;32,74
"HD-Western-Collections\Glorreichen Sieben";5;552;9,2;37937;37,05
"HD-Western-Collections\John Wayne";31;3339;55,7;265151;258,94
"HD-Western-Collections\Lederstrumperzählungen, Die";1;87;1,5;7813;7,63
"HD-Western-Collections\Mann, den sie Pferd nannten";2;234;3,9;15605;15,24
"HD-Western-Collections\Sabata";3;318;5,3;21605;21,1
"HD-Western-Collections\Winnetou - Der Mythos lebt";3;334;5,6;15726;15,36
"HD-Western-Collections\Young Guns";2;206;3,4;23448;22,9
"Kinder Anime\Detektiv Conan";1;95;1,6;8632;8,43
"Kinder Anime\Detektiv Conan\01-68";1;23;0,4;145;0,14
"Kinder Anime\Detektiv Conan\Detektiv Conan Filme";20;2118;35,3;47262;46,15
"Kinder Anime\Div Anime";37;3655;60,9;165349;161,47
"Kinder Anime\Dragonball Z COMPLETE";1;24;0,4;893;0,87
"Kinder Anime\Dragonball Z Kai";1;23;0,4;528;0,52
"Kinder Anime\Dragonball Z Movie";16;972;16,2;56692;55,36
"Kinder Anime\Kinder vom Berghof, Die";1;24;0,4;128;0,13
"Kinder Anime\One Piece\001-050";1;20;0,3;175;0,17
"Kinder Anime\One Piece\One Piece Movies";16;1396;23,3;73095;71,38
"Kinder Anime\Pokémon";20;1695;28,3;91967;89,81
"Kinder Anime\Rilakkuma und Kaoru S01";1;12;0,2;234;0,23
"Kinder Anime\Studio Ghibli";24;2539;42,3;133528;130,4
"Kinder Collections\Alvin und die Chipmunks";4;359;6;32408;31,65
"Kinder Collections\Angry Birds";3;286;4,8;18113;17,69
"Kinder Collections\Antboy";3;238;4;11640;11,37
"Kinder Collections\Arthur und die Minimoys";3;288;4,8;19546;19,09
"Kinder Collections\Asterix";12;958;16;54020;52,75
"Kinder Collections\Asterix Mundart";7;513;8,6;7127;6,96
"Kinder Collections\Asterix Realfilme";4;442;7,4;33975;33,18
"Kinder Collections\Astrid Lindgren";23;1848;30,8;43529;42,51
"Kinder Collections\Augsburger Puppenkiste";3;202;3,4;13443;13,13
"Kinder Collections\BFG Big Friendly Giant";3;325;5,4;15943;15,57
"Kinder Collections\Barbie";37;2795;46,6;86386;84,36
"Kinder Collections\Beethoven";5;388;6,5;19786;19,32
"Kinder Collections\Bibi & Tina";6;636;10,6;38079;37,19
"Kinder Collections\Biene Maja";5;426;7,1;16637;16,25
"Kinder Collections\Blender Open Source";6;72;1,2;3520;3,44
"Kinder Collections\Bruno Bozetto";3;251;4,2;19005;18,56
"Kinder Collections\Burg Schreckenstein";2;196;3,3;9144;8,93
"Kinder Collections\Cats & Dogs";3;251;4,2;20908;20,42
"Kinder Collections\Coco der neugierige Affe";3;246;4,1;7058;6,89
"Kinder Collections\Drachenzähmen leicht gemacht";8;649;10,8;42727;41,73
"Kinder Collections\Drei Fragezeichen";2;182;3;7883;7,7
"Kinder Collections\Dschungelhelden";2;151;2,5;7587;7,41
"Kinder Collections\Familie Robinson";3;303;5,1;19986;19,52
"Kinder Collections\Feivel, der Mauswanderer";4;329;5,5;3121;3,05
"Kinder Collections\Felix";2;153;2,6;2580;2,52
"Kinder Collections\Feuerwehrmann Sam";3;182;3;8917;8,71
"Kinder Collections\Fünf Freunde";5;476;7,9;30277;29,57
"Kinder Collections\Garfield";2;153;2,6;7628;7,45
"Kinder Collections\Grinch";4;278;4,6;20603;20,12
"Kinder Collections\Grüffelo";2;55;0,9;3603;3,52
"Kinder Collections\Happy Feet";3;284;4,7;15655;15,29
"Kinder Collections\Herr Figo";2;185;3,1;12676;12,38
"Kinder Collections\Hotel Transsilvanien";5;457;7,6;26170;25,56
"Kinder Collections\Ice Age";9;647;10,8;80476;78,59
"Kinder Collections\Ich, einfach unverbesserlich";10;752;12,5;42766;41,76
"Kinder Collections\Jagdfieber";4;320;5,3;22781;22,25
"Kinder Collections\Kleine Drache Kokosnuss";3;246;4,1;12574;12,28
"Kinder Collections\Kleine Eisbär";2;150;2,5;1305;1,27
"Kinder Collections\Kleine Rabe Socke";2;150;2,5;7023;6,86
"Kinder Collections\Kung Fu Panda";7;578;9,6;29358;28,67
"Kinder Collections\Könige der Wellen";2;169;2,8;11754;11,48
"Kinder Collections\LEGO";31;2040;34;98398;96,09
"Kinder Collections\Lauras Stern";2;140;2,3;4914;4,8
"Kinder Collections\Lotte";2;150;2,5;4651;4,54
"Kinder Collections\Lucky Luke";2;156;2,6;9031;8,82
"Kinder Collections\Madagascar";5;452;7,5;31824;31,08
"Kinder Collections\Monster High";9;599;10;33214;32,44
"Kinder Collections\Mumins";2;148;2,5;7065;6,9
"Kinder Collections\Muppets";10;943;15,7;61783;60,33
"Kinder Collections\Olsenbande";2;158;2,6;6317;6,17
"Kinder Collections\Operation Nussknacker";3;260;4,3;15031;14,68
"Kinder Collections\Paddington";2;198;3,3;9675;9,45
"Kinder Collections\Peanuts";5;278;4,6;17529;17,12
"Kinder Collections\Pets";4;344;5,7;22157;21,64
"Kinder Collections\Pettersson und Findus";5;393;6,6;14411;14,07
"Kinder Collections\Prinzessin Lillifee";2;144;2,4;6235;6,09
"Kinder Collections\Rico, Oskar";3;285;4,8;14909;14,56
"Kinder Collections\Rio";2;197;3,3;9829;9,6
"Kinder Collections\Ritter Rost";2;170;2,8;6471;6,32
"Kinder Collections\Rudolph mit der roten Nase";2;152;2,5;5180;5,06
"Kinder Collections\Sammys Abenteuer";4;357;6;21625;21,12
"Kinder Collections\Sams";3;299;5;16342;15,96
"Kinder Collections\Schlümpfe";6;478;8;32389;31,63
"Kinder Collections\Schneekönigin";6;489;8,2;30368;29,66
"Kinder Collections\Scooby-Doo";14;1155;19,3;46577;45,49
"Kinder Collections\Shaun das Schaf";10;169;2,8;9494;9,27
"Kinder Collections\Shrek";10;794;13,2;34574;33,76
"Kinder Collections\SpongeBob Schwammkopf";20;713;11,9;26643;26,02
"Kinder Collections\Super Monsters";4;132;2,2;4149;4,05
"Kinder Collections\TKKG";2;206;3,4;8744;8,54
"Kinder Collections\Tad Stones";3;268;4,5;15840;15,47
"Kinder Collections\Teenage Mutant Ninja Turtles";7;705;11,8;53082;51,84
"Kinder Collections\Thunderbirds";2;182;3;15113;14,76
"Kinder Collections\Tim und Struppi";4;408;6,8;23509;22,96
"Kinder Collections\Tom und Jerry";13;837;14;21371;20,87
"Kinder Collections\Vampirschwestern";3;280;4,7;14939;14,59
"Kinder Collections\Völlig von der Wolle";3;242;4;14651;14,31
"Kinder Collections\Wallace & Gromit";7;311;5,2;22195;21,67
"Kinder Collections\Wendy";2;179;3;11591;11,32
"Kinder Collections\Werner";5;407;6,8;26131;25,52
"Kinder Collections\Winzlinge";2;180;3;9686;9,46
"Kinder Collections\Wolkig mit Aussicht auf Fleischbällchen";4;368;6,1;25055;24,47
"Kinder Disney HD\101 Dalmatiner";4;374;6,2;14888;14,54
"Kinder Disney HD\1900-1999";13;1039;17,3;70772;69,11
"Kinder Disney HD\2000-2018";42;3625;60,4;241733;236,07
"Kinder Disney HD\Aladdin";5;488;8,1;32693;31,93
"Kinder Disney HD\Arielle";4;317;5,3;20284;19,81
"Kinder Disney HD\Atlantis";2;165;2,8;8713;8,51
"Kinder Disney HD\Bambi";2;137;2,3;5263;5,14
"Kinder Disney HD\Bernard und Bianca";2;155;2,6;16885;16,49
"Kinder Disney HD\Bärenbrüder";2;158;2,6;7556;7,38
"Kinder Disney HD\Cap und Capper";2;152;2,5;10649;10,4
"Kinder Disney HD\Cars";8;687;11,5;37396;36,52
"Kinder Disney HD\Cinderella";5;433;7,2;27287;26,65
"Kinder Disney HD\Classic Cartoon";19;1063;17,7;47538;46,42
"Kinder Disney HD\Descendants";2;223;3,7;15994;15,62
"Kinder Disney HD\Dschungelbuch";4;360;6;26807;26,18
"Kinder Disney HD\Dumbo";3;285;4,8;22107;21,59
"Kinder Disney HD\Eiskönigin";6;348;5,8;14006;13,68
"Kinder Disney HD\Elliot";2;204;3,4;17069;16,67
"Kinder Disney HD\Fantasia";2;199;3,3;12666;12,37
"Kinder Disney HD\Findet Nemo";4;394;6,6;28536;27,87
"Kinder Disney HD\Glöckner von Notre Dame";2;154;2,6;9491;9,27
"Kinder Disney HD\König der Löwen";7;614;10,2;31446;30,71
"Kinder Disney HD\Königreich für ein Lama";2;153;2,6;7976;7,79
"Kinder Disney HD\Lilo & Stitch";5;326;5,4;12428;12,14
"Kinder Disney HD\Monster AG";3;300;5;13484;13,17
"Kinder Disney HD\Mulan";2;162;2,7;9833;9,6
"Kinder Disney HD\Peter Pan";2;149;2,5;7372;7,2
"Kinder Disney HD\Pixars Kurzfilm Collection";2;62;1;5177;5,06
"Kinder Disney HD\Planes";3;257;4,3;18708;18,27
"Kinder Disney HD\Pocahontas";2;154;2,6;7597;7,42
"Kinder Disney HD\Ralph reichts";3;314;5,2;14806;14,46
"Kinder Disney HD\Rapunzel";3;251;4,2;11375;11,11
"Kinder Disney HD\Schöne und das Biest";5;489;8,2;30547;29,83
"Kinder Disney HD\Susi und Strolch";2;145;2,4;6562;6,41
"Kinder Disney HD\Tarzan";3;227;3,8;7303;7,13
"Kinder Disney HD\Tinkerbell";8;612;10,2;35764;34,93
"Kinder Disney HD\Toy Story";10;741;12,4;38677;37,77
"Kinder Disney HD\Unglaublichen";3;349;5,8;24175;23,61
"Kinder Disney HD\WALL-E";2;106;1,8;7846;7,66
"Kinder Disney HD\Winnie Puuh";5;334;5,6;11495;11,23
"Kinder Filme (A-F)";65;5640;94;319557;312,07
"Kinder Filme (G-M)";81;6792;113,2;365305;356,74
"Kinder Filme (N-Z)";84;7235;120,6;401165;391,76
"Kinder Filme AVI\# A-M";4;305;5,1;6956;6,79
"Kinder Serien";53;1271;21,2;921128;899,54
"Musik";131;14581;243;870312;849,91
"Musik\Electric Light Orchestra - Out Of The Blue Tour";1;17;0,3;895;0,87
"Märchen";58;4335;72,3;152896;149,31
"NEU";184;17540;292,3;1010047;986,37
"Person\Agatha Christie";9;984;16,4;74840;73,09
"Person\Arne Dahl";3;316;5,3;25762;25,16
"Person\Bud Spencer + Terence Hill";40;4194;69,9;317982;310,53
"Person\Chuck Norris";14;1408;23,5;113176;110,52
"Person\Eddie Constantine";7;643;10,7;4880;4,77
"Person\Hitchcock";22;2466;41,1;182407;178,13
"Person\Jerry Lewis";4;392;6,5;24103;23,54
"Person\Jesse Stone";9;764;12,7;25004;24,42
"Person\Karl May";17;1631;27,2;143106;139,75
"Person\Karl Valentin";1;22;0,4;149;0,15
"Person\Louis de Funès";30;2815;46,9;181293;177,04
"Person\Monty Python";8;768;12,8;45967;44,89
"Person\Monty Python\Monty Python's Flying Circus";1;31;0,5;423;0,41
"Person\Nora Roberts";8;712;11,9;20824;20,34
"Person\Perry Mason";17;1533;25,6;56163;54,85
"Person\Stephen King";41;4747;79,1;289678;282,89
"SD-Serien";3;61;1;635;0,62
"SD-Trick-Collections\Die Simpsons";1;21;0,4;232;0,23
"SD-Trick-Collections\Futurama";3;197;3,3;131013;127,94
"SD-Trick-Collections\Stargate Infinity";1;20;0,3;343;0,33
